d144228b-8806-4e8d-922c-9d8e00d3866b,1502401188273
27a3769d-c9a3-40fe-81af-87e3e84fd650,1502471488238
BEC8BA95-4A15-464E-BD94-1F65A3B53C2C,1502391184584
D9167F91-73FF-4E31-B449-8A841DE446B1,1502917589815
66D4AA4A-D828-43CB-93AD-70234E99A349,1502474949747
f5f8e5bc-6027-491b-b4fd-d1bf89a95e92,1502949963713
0bb634d4-77df-4957-b7c5-c6469924b492,1502990404650
aaf1dd46-cb33-4169-9297-7ad979a39808,1502918415015
a8ad82c4-4da1-44ba-a74a-44aeb11b3d98,1502408981756
c1a251bc-4e9c-4c26-bc15-bddb07a839eb,1502475405127
0C74141B-AB95-4521-AC53-3EAE423D29B8,1502901546580
ff06c67e-3b01-48a6-ac0b-85b679cbe7cd,1502406479605
24787036-5a48-41d6-85a5-6af1f51cafa4,1502408454730
faed32c6-b3cb-490f-b2bf-780f466a7fad,1502477245359
0fa6dcbe-c482-4fb3-bd76-dba5ae1748c4,1502397030978
ce79937a-c1da-4389-bc2a-bc79095e61f8,1502752361069
605BAA2F-2CFD-47CC-B2F0-1AC9A614DA75,1502476877538
46157d79-3cad-4a32-bc15-8f88e78d6ded,1502460028199
46D7FA77-1C63-4B3F-9A0E-92CDF992363E,1502466326402
2986da26-5a4b-4477-8022-bf87a62ebbc6,1502468820542
1e4139a2-3356-44de-9e11-f6856ac58187,1502468894796
3a1de607-d7f4-425b-81b6-310126d808c6,1502467408206
e2e73dcb-7961-46b8-84f3-eff43cdb57b6,1502453007704
9242c54c-435d-4195-9b29-e5ce15b65b8c,1502679827010
E026A8AB-7814-4F82-BB38-1717702E1921,1502473194909
819bf7d8-2024-47f3-114cf-963a4c9adfe3,1502986127376
BCB3B1D3-920F-4358-B98C-1420C1CF6825,1502930263388
f45d1090-ac6a-4725-8bbc-243dd4b8671c,1502408197245
7dd050bc-7afd-4e7b-aa0c-e9a7cfe60b1c,1502401012478
3b018779-219f-48ab-827e-95988781f223,1502476173286
66c449ed-6358-4ac5-8966-058e517200d8,1502454678318
4F9DD773-4A37-45CA-B172-6B847A906F45,1502736890266
42a8e2f5-ac4c-4951-bc77-4d2eeabeeef4,1502469567369
A9F59C12-7B0C-4C97-B694-369D2C36203B,1502406557547
31c6c540-b8c7-494e-8c26-dfbe993d7444,1502733476741
DF5C180E-8C1C-430F-BC77-B96381A70089,1502406544904
53ac1efc-84ee-47ce-b22c-a7be53433878,1503010596195
592B47EA-EC93-46B4-A782-6A33860B29CF,1502467936384
f116f8af-d8c1-4fbb-8364-8d6e3f40ad1a,1502726254066
620d84f9-f955-486e-b54d-e297a92759b4,1502481400028
646C5B7C-1904-48E3-801F-0D8148366ED0,1502394094695
12ccb67d-741b-404d-83db-169c441c59a3,1502400719663
f97543ba-8c1f-4c9b-b4c0-babb58fc1534,1502397005243
780aa61f-5714-4479-a64b-3d49056f7bdc,1502987679827
fd9f8312-288c-4bbb-b400-e6ab444c8d26,1503011111853
95b58a86-51a1-4ba6-9f12-242088bbe98c,1502739642796
2024dcb7-1457-4496-84a9-0838d8546584,1502995908623
e465ed3e-0592-42e8-84ae-87300cfb3458,1502474755884
0F97BB54-BC55-482F-BA5D-7262E5735066,1502988828819
b6846f62-4888-4cf9-9b29-38371ef050cf,1502409721362
69010f31-3a44-4bfe-83d4-e6513a5447f5,1502407907843
90eea3af-fd21-4166-999a-575e7da7e410,1503065365063
9AD1C40F-F929-4629-A811-EF1DDE84965C,1502398776617
8c29ffb6-37f3-42fa-a6cc-1dc2cb4f1314,1502468327008
F91D2B53-4F61-4008-AD10-A9134E1CEE8E,1502473508684
BC75EA66-1AD1-4D61-96DE-39D6F2BE6746,1502831632914
c50a9c28-ee6f-41cc-8c12-73c29f4474f2,1502812492974
481dbde4-ff98-434f-bf50-b83029d2b58a,1502908697150
46924B00-0D25-4AC2-A7CF-93867747809F,1502468343534
d599992f-24c5-45a6-8a88-d49fbd4ad576,1502901482309
d72d1016-ecf2-4c1d-a73c-3246baad2616,1503070669553
6444D23F-A73E-43EC-8177-99B317F80DBE,1502472388386
9dabad9a-8464-446a-8125-a9ecca5d4104,1502408689477
e3f409b8-be4d-4c98-a6c6-4d8d6ecf280c,1502476990328
E881D7C4-8505-4A6D-A423-DBB1C7D5B9F3,1502821118741
BBE56B72-B6F8-4BC0-834C-EB15A93E10B8,1502415128879
6023403c-1844-49ec-91a1-ff2c77320505,1503076170417
59ae686e-e05c-4235-9086-63a44286db4a,1502407928338
9e3477ab-2593-4749-11500-ef8b4f906809,1502982268939
a2f1e7c7-6179-486c-ad2b-5d08304604f4,1502904858988
c77c1e2e-b9bc-4d93-bcbb-063e329fc51a,1502900184250
badf4229-c75b-43ab-ab7d-4aff8e8f7882,1502460362234
cb5819e4-7986-445a-9962-87d0ba08e28c,1502466005343
f3a569bf-7895-40b4-955b-7c4ebe8ed1bb,1502410144710
f1d76d34-feb3-4c2d-b9ae-7ecb4385ee48,1502467709580
7FEE079D-7C41-4B66-AE1C-487779E0745A,1502438941620
c8ebd2c3-b3fb-453b-ab32-b560420ba988,1502402492434
0cb3a79f-fecc-4dd2-a24f-2f94befbe78e,1502475522682
a716663a-f015-4d66-b723-b45280a8e0c2,1502479450663
1d8e39f4-c53a-4312-969e-83e234c00651,1502990809603
03f4d538-65c6-4dfd-98d3-7173a178caab,1502473403279
bcbb4358-5e58-4017-8c54-2a7a5804f8a7,1502733166601
697b03ce-74c9-4811-af43-c1b35192468a,1502395642266
4AED28F1-DB2E-4565-87D9-B3F5803ECB7C,1502467674320
5D94D0A3-93BB-4C14-BE37-0AE9CE7B8D26,1502405583112
73b85b4a-75f2-40ea-a72d-ea5f70d6e5ff,1502737263230
e6c622e0-c0c5-4ab3-9df8-3636575cdcd1,1502405042394
3a1ab2a0-3256-458f-92d9-54aea51fed70,1502472251231
73533D9D-EE4C-45B4-A320-602D9BE448EC,1502583169604
3fee59f9-7aca-408d-a8aa-6c0e8c65a5f1,1502471638886
6490653b-9b2c-4061-ba76-358180d4cd35,1502471435351
128fb2e1-afee-4dd1-aabb-520ecc539b85,1502476876622
d4cefd95-0008-486c-bc3c-e2accfb9f82f,1502469191062
3d3c7502-a3ad-41c6-8e6b-45fb11e8060d,1502471190752
1F0F93E9-4FAE-4584-9235-3082DD123482,1502673614840
5413d73a-597f-4528-b241-352801758169,1503000392621
620d84f9-f955-486e-b54d-e297a92759b4,1502481400028
795B7CAD-CC2C-4764-95F9-1037CCC0C9BB,1502728096325
9e52625e-04f6-4585-8745-605fd302571c,1502484065539
b3ebdfee-f0b3-4b87-9178-531091c7cf41,1502396970548
a966903f-1a7b-4cd3-10ba1-b250454e36ad,1502411013186
800B78C1-3402-4A35-859C-63DCD9CCDA9B,1502413212892
FEEE1F1F-01DD-434A-B946-ACBB4AFFCB06,1502731702066
2e3b80ec-3389-41d8-88df-7d807bbde94f,1502476200168
304f36af-4db8-440a-ba61-0f55b4eb9dc8,1502983330827
5236EAB9-699C-4597-921E-BA13C7281A03,1502942745099
D54A8682-E640-4C35-A018-980323499FDE,1502727818133
bfe1e91d-abf1-4530-b0eb-c11739b05820,1502475439165
16b53f29-717b-42e6-936f-4fd3aa234be1,1502402172451
569ECC95-189E-433A-8235-CB0FF021C7FC,1502894207914
d5ed80ec-be29-4ac8-939c-5984eaec29c1,1502839495166
63F73085-8A57-4CC4-859C-F79DA4A5CC54,1503101472313
7B452099-6513-4CD2-A4B3-0F9E58F64E03,1502398624871
55807976-bacb-4c10-aadb-ce7d37f8147f,1502464954452
6c7fdb93-17ef-4013-b247-da088262e033,1503014617950
b72beb6a-e4ea-492e-9d08-12e4d874b608,1502481326593
544A412B-2076-4844-BCD4-08DF54D09512,1502468316404
b9e8e0fa-d4dd-4d56-9405-63cb731ca007,1502726415576
d6e71d31-f5a1-497c-91c4-67cb645a6985,1502809946837
94e1606f-bd38-427e-849e-cde473eecc6e,1503070881870
464915aa-03e0-476c-908e-4056f6defb0e,1502406236316
80a63505-aef7-4039-aa1a-463ef784e437,1502803313952
8273A06B-E0FB-4B4E-9669-9232506A27CF,1502611804409
54424584-0d89-4c7e-9eab-3b7812203827,1502401398959
770eab17-11b5-4a7a-b7ad-e2c037b3cdf5,1502473384042
489812b1-d2e1-44d9-8ed2-2b900ca73adc,1503071937342
f1a26018-4be2-4ed1-8bab-af1723137c5b,1502475654469
cf3a8825-e498-47c4-8efd-16a24e6fcf59,1502985107214
34268B96-D083-48CF-9D66-876A89184580,1502995789262
BAE192DC-7E2C-46F3-A0AA-F105E0048E6F,1502401420749
f76482ff-f1f1-43e5-944b-82ebf9640945,1502904767199
e63cfe16-eec1-469c-bc0e-f4b3d5a2f3a5,1502472464901
26e65984-2279-4512-868b-6209ad3b822a,1502478008134
0ce40e3e-29a0-4d48-b48f-13b428f210d8,1503074357437
2f6d9487-bfe9-429e-97aa-fad164507d44,1502727384008
6e5ca66b-b010-4e0a-bee0-6b662b84885e,1502468141257
AD7C1907-90AB-4410-84D1-547812813932,1502907091933
2718623c-1abb-4893-8e64-adb3bd1e09d8,1502472978073
0eb17e0f-e753-49b0-9569-81944df03530,1502912111519
7F7F307D-F976-457F-844A-5FDE2FC93B02,1502992686713
e09ea758-c1b8-4824-879b-9b154d5c76b1,1502408409660
829a99aa-bd64-4342-b8fa-8bf6ee43755c,1502408022442
c2d5ec84-d4b0-44b5-89aa-6d993b992497,1502452979134
F7C21308-FB7B-46A5-B318-74D339E59AB9,1502749739138
400777c0-e984-44f5-8283-023fa130160b,1502474206005
a01ef7d5-65e2-4caf-b031-764c2e8c5a45,1502476983611
75D86031-5410-4E84-AF87-678A39F531DE,1503073107801
8a8f5f36-5209-459f-9c0d-3ec97be8dd97,1502408281338
B487832A-6C41-493E-80EA-52282F396D49,1503099651334
462B2D53-EA5C-4040-9DF5-CED031D9EE1A,1502987067664
f4282712-3a29-49bb-abc5-1a12e08f0951,1502458483807
8BCB34F1-2A0E-46DF-BFE5-23B742D545B4,1502725781239
5ec2043d-0280-48fe-a7c4-77163fc35817,1502410840447
1e7f03b0-505e-4397-100c3-1585ccce0918,1502474670626
bfe1e91d-abf1-4530-b0eb-c11739b05820,1502475439165
B707B0D5-EFDA-4A00-BA9D-DF197257F86D,1502414705120
3b018779-219f-48ab-827e-95988781f223,1502476173286
89064533-872a-442c-a64f-b1d451c31824,1502460339485
786a5e0d-db1c-41e7-b363-8be522d1b542,1502899554322
66D4AA4A-D828-43CB-93AD-70234E99A349,1502474949747
92b5701b-efb7-436e-83b7-aa44c9b55b97,1502454372274
5d55a32f-52f5-4ca5-94a2-f0bd1aa3b6c0,1502468804397
33801958-9425-43A7-B15E-6C80A2DEFCC3,1502480689241
76703e56-d796-4345-11c56-ef35eba4564b,1502396387094
064a5ac0-785b-4b95-bb03-ddb6d7a1dede,1502752408440
662E2703-BDEE-49AC-93EF-B49B116D9765,1503009885077
0F9F69D0-7A02-4AAC-A411-D1764B4F5288,1502736353937
2718623c-1abb-4893-8e64-adb3bd1e09d8,1502472978073
65591ef0-6141-4161-8cf6-53f4d8875114,1502891239527
cba7ceb8-81d3-4156-8214-3f366d42ed0b,1502469128328
4e73c248-b421-43e7-a736-fa9d370e8c7c,1503065275264
23DFD83D-F568-4B9D-A2B6-0E167FCB045C,1502899071183
2800166e-8152-43d2-a980-3076216cb51b,1502473244996
73D41D58-3F19-4B8E-8246-1201A11F4E68,1502920318565
07313562-5694-49AD-A384-5F96D55A9A6C,1503283538906
f1a26018-4be2-4ed1-8bab-af1723137c5b,1502475654469
0b0e18b0-0cde-4124-8ff2-511935744584,1502470897613
4df46cf3-2d0b-4572-112ce-470c863aee2a,1502475847185
78BF7F2C-4B21-4D23-9F33-AD926785CB94,1502402911605
CA0D3249-1DF9-4711-B645-04B7DA930B1D,1502730744701
2FFEDCAF-EB6A-4FFE-B080-1363AD155E4E,1502993671505
3e150290-3d34-42b7-8ca6-1442568dc785,1502807776720
E01ACB2D-1F79-474D-9B34-0F64CB50694B,1502414812384
a890e737-fcd5-45b4-adf5-59e8332b0168,1502740969079
18fae68a-a363-4b8a-99dd-97b2480333e7,1502985571591
74501e1c-cbc3-4283-1086a-694079a4a75a,1502892630825
AE4C048E-A3BE-49E0-B414-C9B65B6D2783,1502404057510
A7F44BB8-234D-4C2F-816F-EE3CD549854F,1502400910856
367cbc9f-dc84-4d4c-9c1e-3d070020898e,1502494195778
aefa0ecb-ac0f-4725-be4f-955daab47522,1502408041737
378e9859-16c1-4145-10156-f27f06c8b909,1502473633120
712134de-5341-494a-a3e2-780fca170d3c,1502923361811
B9B14B21-0399-480E-8E4F-C79E47ABA2BC,1502466364519
DB588E24-D35F-4CE1-BEC7-69FE25EC45B0,1502411649211
9a7b98cc-66e0-4f21-ac33-4eea0920f3d9,1502402896401
f9e18a84-b437-44fd-8a19-73cf82387738,1502732515468
FC549417-ED30-4403-820A-20DC661DE158,1502981018211
55544A64-7C2E-4A3B-9617-1A8B083CE852,1502461392482
CF84016B-1E95-43AF-9838-70BF75D0F1AA,1502803584945
19bb9153-5b8c-43e2-8727-907945d505ac,1502985027279
001C60B5-6835-4BE9-9BF1-5A1F9335126F,1502757896557
73f071e6-1975-4a30-9251-1b40a1a78abe,1503002823843
3c35ad37-0ce4-4b07-aa2f-71c113f80977,1502474244338
2fc44548-c270-4286-95fe-14febc162aa1,1502986328944
E2669C78-322F-4CBD-8EFD-20B4DF2B5ED4,1502822211794
5f7300fc-8179-4b37-11d18-5876ecee8f0c,1502716012084
984165c3-b5eb-4cac-b64d-2e1be94d06e7,1502470540147
f44e3a45-f790-4f6b-8e0d-58aee1b3a190,1502472524024
556B932F-509C-4B63-A41B-B58BA0E46604,1502480798898
e56ff8bc-6e63-4054-b3ef-b4f6e500a2da,1502474853848
4a7cd57f-f2b4-4e59-9173-f107fa3d6a9a,1502469815441
dbb190a6-b4bc-45c4-1098f-86ef495c205b,1502468365044
91C25CFD-86A6-427D-BB96-999A5F25C7D1,1502803548522
632df4d8-a68f-4909-bd70-225fd00ef518,1503092704153
84caef45-499b-46e2-85b0-efeaf0e754d1,1502473838454
6d5958fd-2c09-4d05-8daa-dcbd808d7662,1502982871835
3b018779-219f-48ab-827e-95988781f223,1502476173286
C904B2CB-409A-4FCE-B388-B5D0EE74B1F6,1502421102922
774052B7-E62A-4EDF-9330-B4074692CE27,1502474931461
fd271caa-7202-44af-108a5-71ec4e8a1df7,1502734368289
0FB6759A-6A21-4598-BB82-F9FEEBEF4390,1502439368800
01058d4d-f367-4bbd-10016-b267a921385f,1502396636091
d9032f37-ef43-452b-8a03-a36606a4f007,1502459595895
d25fda67-e8d1-4e5d-a51f-26355b7914ac,1503005405541
a0c4c3f9-b668-416e-10c4c-e9f1ce62faa1,1502476451156
C7E6BA73-F053-40E5-BC82-A16060E46EE2,1503266479072
df725eb4-605c-445a-9b28-451e2261fd8f,1502467337665
0514e0c1-8e96-408f-add6-157d7b745107,1502475322584
2CC6FAF1-377E-47C2-90DE-91D3B57EB275,1502990308367
1A0E4754-DFE8-4CDF-B06A-A6DA73E689B1,1502413405712
b58a12be-258e-43cd-9ef3-6a0d93ce220d,1502455672390
F882DA46-0C26-4676-B23F-2216773066F3,1502414795279
3c921d1c-b761-4771-b916-3ea5cf0733d1,1502898906540
e21d6ded-a4ea-49d3-b061-3ac82bdecef3,1503079000649
bd1655a9-534d-436e-8b2d-d9407c36fbcb,1503066015854
913a6fc7-8790-4855-9bc9-0ceb789644ee,1502467823572
379d3a17-505c-4a84-9502-a74019ed9b2a,1502480448166
fb3c5ea8-ca87-4156-9fc7-28da77818784,1502803233569
3bfecbea-bdeb-4d3e-8f16-a6f540c166b7,1502903080502
b1a06439-03ad-431f-934a-1a58da0aea8d,1503015669149
93ace323-2a6e-4c38-aa85-9a7a6f80c4cf,1502411045727
0ee5540b-920d-4952-a89b-0eed6fd2948e,1502408251973
aef7030c-cf2f-4d14-97bf-b0b6ff9347c8,1502472453452
ee7ef8a2-9f04-41cb-b80f-7cb24502c379,1502915049848
06b8c76f-2b42-4831-8810-df14cf5df30d,1502472720199
5a2fb02f-7d19-40fb-880c-832dd92c7837,1503080647318
e5ef34c4-f4e4-45c6-9bd7-84581e427f7b,1502406311117
62ff6a96-07e8-45fd-9ed5-580e16e19e7f,1502472940780
89b63139-4db6-4112-a9db-0b411dae782e,1502471962768
ed8b7187-e960-4ce6-8438-f15775fc91c9,1502476372680
B9AE0D09-C635-42EF-95BB-3678103FA6A0,1502414720651
5675761F-F116-4F50-839B-79344FA4BB17,1502754561907
fe6d419e-797a-46e5-a874-5e1c54cb4a0a,1502394048353
de3d990e-5b7a-486a-845c-344a3a3c5e9d,1502404361657
e74d5d66-f178-42a8-8ce0-62ca733efc0d,1502408613574
E4B01A7F-3114-481C-B033-DC919DC94956,1502398757527
e36c643b-f659-471e-8861-60a3615fcd1e,1502524672332
ece52da6-2fa7-4717-aa2e-3e84bacb5703,1502870870097
1d611faf-583e-497f-9f5a-673f46880b50,1502983630689
189453e7-2ae9-4242-8b8b-d04ebedfe5f7,1503073196890
AEE10053-CDED-4F5C-AFED-D783A3A566A2,1502901480916
fb544755-0b44-4d4d-992c-425749768239,1502476492008
f12070fd-d662-4474-8018-693bd9675fa6,1502469343585
1c881f75-04bb-465f-a8d9-051ff2a20a52,1502740246053
C65E900E-E652-408C-A57C-2D658F2B93A9,1502467776362
0E00849B-61E4-4BEA-BDAF-DC652D0554CB,1502410967711
04e49037-d40d-4296-a782-94a11dabc7b5,1503078634840
8d04aa88-3fa4-4aa0-9d2f-42c3e0581bcf,1502714622815
3a1ceecf-712b-4fab-ac25-dce3d0dd8de6,1502474925602
dbeddf8a-7165-4a28-11811-1c96baccf544,1502717970580
EB6C871B-C83A-48A3-AB11-155D5A0C36EC,1502410810208
1EB518D8-CB37-4923-BAD0-55838F242EA1,1502736957257
8C436294-F6E5-4383-A4DC-9BA0CF35935A,1502406586683
17ed1339-bc84-42d0-9f32-54b0cc72f9f3,1502406633563
8995B5BD-067F-485A-B190-FD9E8C3D28A0,1502479369220
844724bd-cc8c-4b1c-9886-e48429fb90a2,1502473240715
8BE43FB0-07B8-4934-B6BB-FDA33A2448EE,1502466391389
00d8435b-2e2e-446e-aaa8-e01b89131db1,1502897308279
AF9BD1BE-93B6-494C-B796-5488BC29CC48,1502413332541
52e0cf49-68ea-49c1-920d-adf06222f5cd,1503072692010
03d8eed0-0dff-4e6c-b897-62f798cdf7fd,1503068125909
48b80b8c-ad7c-4fe3-afe4-4334f469ce27,1502476399918
4ba76f9a-da25-4a13-a0e3-33ee267cd62a,1502474501242
be74c5fb-9c8c-4f24-8984-17916b1ca62e,1502902384993
60B51FE8-81ED-47C4-803E-AB9E9B6A8D52,1502471519114
7ece76a4-2641-4e3a-9a6f-d37f0ec03ec9,1502831251309
F1538C56-281F-4703-BF2B-59055A482BEB,1502820879431
2CDA72F2-4BC1-4E73-BDBA-6CBA6F592216,1502422880496
673F13DA-B415-441D-8C8A-4F27F2C514B4,1502471550585
072c9829-ae32-4696-8f31-87ac4f0a7ddf,1502473026747
79F953C5-1FF2-4DB8-A53F-9F390BA72867,1502863431520
248A48A9-CC95-4209-AFBC-A1CA0CE62FDA,1502399974814
4e98fd2a-24c7-41ec-a695-9f209716842a,1502471309235
50c7dc1c-be9e-4956-1020b-1a7672c7fd34,1502393834332
76703e56-d796-4345-11c56-ef35eba4564b,1502396387094
ee955559-79b7-4c0a-89ab-7a4493cde917,1502475595142
e214da3b-2bc6-41e1-9275-df009ef8aa82,1502472509242
3232b8a9-91c6-4662-b03e-bdf789073b87,1503002947479
f0e98d4c-2e26-4a50-9b9e-17a54b9a533f,1502679019927
F58444CB-772F-4E6C-A1F9-3C43890456F5,1502461488663
fd8b120f-03b9-4974-94b7-39e081551acf,1502468257406
53182127-3f3a-43a4-8b9c-d5b1ed367286,1502457137578
c3bb44fc-6b5a-4ced-a65c-ce8780571eec,1502917686256
8C7D8F9E-EAC1-479C-BA31-B5A1499C4B91,1502413353038
2ccad788-802e-488b-9e54-f3fd01f24100,1502904536114
70f73714-1eb5-4fd4-a6d6-0cb4395e1d70,1502910229737
A49EB128-C084-4347-B6BD-5B42194F574B,1502415069174
fcbaaf33-d2ba-49d1-9405-c3602cf73778,1502400126780
3a980774-061a-4852-afe7-98c387255707,1502406772386
bce22108-4684-4477-bbf1-185eecf8c7c3,1502985326949
433d1553-49b6-4408-a025-9c93b1fb396a,1502406443450
b3520743-2b96-4268-ad5b-3c3dfcd8b184,1502472200924
fcd283df-b8f7-4593-bb02-dd5693c28bf7,1502471694410
a1677a35-22dc-4965-88a0-3dd18036c3d0,1502409823743
2a56a12f-adda-45ef-9fc2-8b606f08309c,1502401298505
9fbcd125-0df6-4d76-9d73-f15b042b4111,1502408850088
7fdb08e7-0b26-4fe9-82b9-c4240d381620,1502465169953
7CF87899-A8C2-4E08-A5CD-0C5B452F09FB,1502411613312
E0870455-B322-4295-B7B0-AC99CB557637,1502478371031
75F5C24E-B6DA-4FEF-BA30-23DB631BD609,1502414869158
032d36ed-ba72-486f-9be8-7eb3e3e76326,1502400197733
3b471181-8cee-4d60-9255-46fe70916ae0,1502404555452
a0898108-f8a9-4d66-b1f4-99c612cbec2f,1502905270349
5944a72b-1682-4130-877a-56586de278ca,1502457039785
EA1E9AB6-1962-4B5A-BE55-765100898B4F,1502389095121
bfe1e91d-abf1-4530-b0eb-c11739b05820,1502475439165
f9964ea0-34e5-4d6b-9ec3-b0de1782971e,1502740064513
C12CAFDA-2997-43BB-A852-ABA2E98A23BB,1502403339909
24E5AF02-0B4C-427B-8905-532F898E656D,1502739634794
3F698628-4A56-4DDC-A98E-E8A8774D835A,1502583510034
2bfacc9b-d17c-4b76-9467-8bcc1565cb78,1502471493682
E298192C-F312-4F71-A5BB-B00666C3C391,1502415052583
0fbd5a6e-506b-4986-b277-4b9374ba9b6d,1502473638899
a2fe30f8-fbaa-447f-1084a-96271c7987f9,1502477392098
933f58e5-fbdd-476c-84f8-d7b6ad99ca65,1502408705745
edbe1cc7-2c9e-42c8-9a5c-90577d7e49b1,1502897165507
0F4B270D-AF8C-49B1-8693-0F3A3555A3A1,1502475289075
1cd44f90-d8c3-4b77-8af7-9eafee43cc11,1502401256010
0CD24705-4F68-428C-B028-A9EE6EF9BB5F,1502466116187
5C4036ED-72BB-4AAC-B8DA-73B6FBE56B05,1502736579157
893a7680-e270-408b-800f-504ae9a61914,1503071745461
9c91ab3c-f360-468e-a7d7-3d1e38855d56,1502472620833
FB1E288D-7AA3-49E3-AA51-DECC58C470E7,1502644256955
54B044BA-25F7-4D9A-8A61-C995D1966A98,1502479507306
ad852328-7250-45ea-ad8f-b9b3112ed10b,1502463739784
3bcccb02-6002-4a24-b01c-c43b8b3e03f2,1502472224230
e23795df-6287-46a5-ae89-881534eade9f,1502910958657
5de03983-04e3-4f0a-11aee-d17541fb6796,1502820155782
C3140279-CB3C-4B1E-B3AC-B19E197BA179,1502403590167
F4640C11-614A-4A38-BCEA-E1E23FF0BE9B,1502730848285
91D8741E-61DA-42B0-8689-7A44C5A0B54C,1502472331585
0de71513-dc38-4e92-8a46-6d605f55ffac,1502731889491
a3e72a4b-8e41-4e9b-a423-2489ad70be63,1502727379132
e55e65b2-ddc5-46c2-a19b-e8bdb6c2c4bd,1502465165710
2edbea51-c616-4261-b77d-7612d4bd7397,1502810071668
9400848f-c5e9-4c58-9e14-570ce9a85522,1502807823285
9752CC36-CD64-4240-9E97-DAED2F01804D,1502755879624
105ae3fb-86bf-4951-ae1f-edcaa8ff9604,1502474858319
93dc5400-d819-4740-b5d5-3dbc0be516b2,1502463545834
128fb2e1-afee-4dd1-aabb-520ecc539b85,1502476876622
2ae6fd48-f0e9-4a32-b387-64d19990ac74,1502479634168
4FADD80F-99D0-4931-AAD5-48D65AA87DCB,1502817145147
9f0fc46e-9659-440e-8cce-77a2f3aa96ff,1502462360265
cecaa32c-86ab-4a79-ac98-dea7405e9e2f,1502913231190
a6c4e571-4d19-43a2-922e-4f096b5457f7,1502474432369
67b895ad-dee9-4a2b-b9c9-4aaa635da2bf,1502478358082
e92b8c1a-1b08-465d-984a-485a5fa5c233,1502454009699
E2583B21-4CA0-4308-8623-5DBDCCABAF12,1502897699884
F3DBD12D-C5CD-48B9-B6F2-9B2579C61D83,1502403186539
a5a71d56-73cf-4f85-10a4c-97b5e2cdde5c,1502464133959
a66f9cac-ac82-4ff1-85af-e9560bacd00a,1502471971884
4174B73A-B843-4277-8407-9ECB66FFC43B,1502749114732
6be7e783-66c3-48d8-8073-0075b58663d5,1502818198187
d83eb686-4464-4634-95e6-b23b4c94c243,1502475344826
1e722928-237d-4387-934b-32a3c86bcf20,1502809059802
3e34c900-7819-40e3-ab92-2944a1bafb08,1502461672646
989B4402-760F-4762-B182-775B933ED421,1502479896809
6e5ca66b-b010-4e0a-bee0-6b662b84885e,1502468141257
631649F3-1EA8-418F-87EE-DA2635BD243B,1502938716929
a8c45dc6-f387-4031-8d98-ce12ad2a5950,1502477908626
6b2deb07-d71b-4ba1-87b5-2904c4d1e3e5,1502473857491
a664a533-fb5a-417a-9356-fe63531062d4,1502476876558
969364b2-3545-423d-aa03-5ad55e720d36,1502910673997
28365917-c267-47c4-a876-3857aa38fe68,1502474736764
843e7b9d-de32-431f-801f-52f7b49cbc06,1502474113172
f58c16fb-b8a4-4e00-88aa-9f292c757e87,1502473879301
a72e463a-5ce3-45aa-8bbe-09db7c3d9bb1,1502894937397
386ead88-5c01-419a-ae22-31bdd23a3bd7,1503325281914
4e822f35-fe73-4c8f-b0f5-2c4fd8df56c9,1502471280225
390b4221-5266-4547-9341-fb844b13357d,1502471494424
4ef48ae7-7ace-4e2b-ad8f-0a61e9ab356f,1502396829709
124ADE2B-D045-4574-8DFA-04A24F878381,1502468213085
62581196-DDC5-48F3-867D-7A71D5244DB0,1502497535676
66D4AA4A-D828-43CB-93AD-70234E99A349,1502474949747
0FB7A50D-28AB-4574-A9DB-80D50BDD626F,1502403204409
093B7D48-076A-4CFD-B7B8-0B2DE8727406,1502415112684
326f240b-d658-4d8a-93e3-9d0002871212,1502472939548
46C441D6-423C-4187-9881-3DC99B64908B,1502422865025
B5E830C3-4249-41F4-AAA0-5368CDBE7749,1502805887561
b8e6b011-d0b4-4b9b-984e-70675a593e57,1502464070041
2708CA6D-E351-4992-A72F-F1C46FD4E680,1502471568883
9d88fad3-6d70-4dae-8be7-b6c74324f385,1502455217475
D4E86079-219E-411F-A2E6-9D3389A760D4,1502472314166
aa8d1b84-ffd8-48db-bfe8-f226497beaab,1502476039784
aea9a4a6-3860-493d-8332-40a1162af5dd,1502460418580
f3843bae-440f-4cea-bba6-ce997cfacee7,1502464257885
FA13E5A7-5A77-4AF4-A249-6F0CA537D95F,1502474894324
fb544755-0b44-4d4d-992c-425749768239,1502476492008
98B89CA6-E6C8-439D-8AF8-37C786FE894F,1502406374105
4DE551DC-4AA7-4199-8D89-62EB7F13392A,1502947835303
121994FC-A756-44CB-B374-708F5C4F41B8,1502922438789
15b52e0d-ce90-4845-aba6-1399cdfde983,1502486747437
56ded661-68bb-4c66-9d4c-af94b0af8938,1503326004078
cd6124f5-ef60-4557-8e2a-0517453fd3cb,1502902588148
03CCD35E-0C04-4E65-9384-03E82B1DF23B,1502814749923
8458907E-56D5-40EB-ABF2-0FFB66095F3A,1502472482639
c61f3df7-ba46-453f-9dc9-09fcfac67cb8,1502471974505
76f5ab24-7dfe-4de9-aad7-ca5f882c86c7,1502469880883
639ed61f-4e4f-4480-a2f4-5fb8dde32b2c,1502471675081
f68367df-0420-41c1-1021e-723c161d888f,1503098426309
86bcd362-9399-4c71-114b0-0dd86944240f,1502395948856
55663108-dff1-4f15-9f08-c72fa585229e,1502475206202
9DEC6DDB-3C62-46A9-9110-73BBC255D1A2,1502479950536
785636ee-68bc-4d9c-8e7a-4d506db9a27f,1502474051677
ba22f684-c862-486c-840c-e9a1eb91caf8,1502399729273
42d2cd98-4eea-4dc5-b82f-102ca5342087,1502472915753
0d75b4ba-a9a4-40aa-a642-b55a9fbdd9ef,1502465508168
2631808A-8C5A-4F2B-93A9-6CD18F74976F,1503073983073
ff074695-b6d7-45c2-10e95-a045d044235d,1502809155820
d9f98d14-2ec2-4661-9a2b-18038659cbee,1502986445439
c6d00cde-aad8-47ab-87ad-073a0a1701e5,1502410166372
379675E9-88CB-4652-AD7A-E015DA1222CD,1502466408004
1a395b94-31bb-4c1d-9050-fed413947903,1502471868355
2114a80b-f7ec-4ec6-11b11-17557a8b8914,1502460535084
5c112061-8f97-430f-b927-9fb80ad44364,1502468560448
1adc58e8-c239-40f8-8011-f400c6c49895,1502476334102
c311c5b7-9bce-4049-98ad-f485316e88da,1502476925350
72ff07bd-5726-4daf-9589-afced238f7dd,1502985838453
05211a0a-1b37-4d8b-a5ac-7e0fc142c4c9,1502399637141
77f765bb-a093-4b8f-b6ff-a34c075712f1,1502811869948
96fa416d-1101-4f74-81b7-0129929c7886,1502475520682
9f0fc46e-9659-440e-8cce-77a2f3aa96ff,1502462360265
3000512e-2e8a-410a-10ff9-931dc9b7341f,1502914657928
9a9e3be0-4df8-4a1b-b5ab-387424b7f6cc,1502475082588
27912B12-8C2B-49C7-B2BB-66E2FED32710,1502729783070
2A57BBAF-BF92-4B70-A39C-F57DDF4400F0,1502462871567
c43e7780-9a06-48f4-b243-367758f81069,1502475404292
b086c23f-d4ea-4dee-118c9-f1ffebc25b05,1502454574084
D3340301-147A-4D3F-9FDB-EC53A61344C4,1502463977850
933a114d-654d-4583-add7-25c27deb46a8,1502478558654
c51ea409-a4b6-4728-841b-d68fef68c73c,1502398625876
a82aeae3-f50f-4c36-a04d-fc6e39f6a2ce,1503086112207
303830B8-C712-4BF4-89C2-4AFC51DC8922,1502832559935
E0870455-B322-4295-B7B0-AC99CB557637,1502478371031
b4d79e45-9f39-4974-a02a-426c4b506d52,1502405784157
5ac059e3-02bb-464e-8d5b-0623cd8dc017,1502394393902
62ff6a96-07e8-45fd-9ed5-580e16e19e7f,1502472940780
E268F967-581B-49BB-8C5D-399D4CB7A60B,1502472576650
750F4415-6B25-4B57-B8BC-0BB4D7C6C6EA,1502859833243
4c7896ad-c54e-494a-10792-1f3b11494039,1502911264772
498F0E82-325D-47CC-9B1A-8F6E84BA283E,1502468585561
835a234b-eb0d-43f8-a383-78957c4b0aa1,1502451788421
E3C94196-7142-40D2-9193-7150268EEC34,1502751753698
E0124EAD-A4F0-4D32-B582-8FD18E7713B3,1502471472384
2453c5f9-6cf1-4b47-8ba6-5cf6c2558aaf,1502467342041
facb0f1c-69dc-4de1-899d-b1b5bfd762fc,1502399068857
9d07c6f1-3bfb-457f-8e7f-91ad2dfd21c9,1502476614028
04fce067-e016-4bca-8296-e336784b0a1e,1502469533580
3e0cd8a2-bdfa-42de-a286-7400e893e17d,1502500193629
ce57d55a-05f1-41c9-aa6a-f931c59ec433,1502490791924
6f57bf60-7c4e-49ff-861c-95f322a15fe4,1503073472473
0cfc3718-ee71-4f32-8e20-9ac3a4a3126e,1502474602588
8C5B7CB2-3635-419F-8DD3-56B93B2541A8,1503074614783
762E145F-2B07-4A6E-8CEB-3B3D667E0510,1502403641917
3A4277AD-F2FC-4508-88C0-299291F1C852,1503009037864
A036813E-873C-4E01-BE26-C0C07FB1055D,1502468431511
C1A34AF0-76B9-459B-B463-91366279CD19,1502413299916
1d6c4e76-fc5b-44e5-863b-e9f88744280b,1502473881484
1358929F-8727-4ED5-8034-6F5AD18C4D27,1502727552855
73c726c2-7b7b-4c39-996a-28af7d8ff78c,1502913293513
FB07FFCF-4A2E-459C-98F5-C958BDC49E60,1502423184221
82717404-E8CF-41A0-8D18-11B540B0FDEC,1502410436143
432ffdb2-7622-4571-11a59-7b80d1475f44,1502397569045
16fe898c-54c8-4b99-8014-dcff55d75c6f,1502920852902
f2099420-fdeb-4c98-b721-6bcac0505f4a,1502479578921
c0746361-4668-45a1-936b-85ae4acc133e,1502468109955
dd84b315-57b9-48b4-9167-743f0958186a,1503077240002
D305BA16-9105-4A03-8B1C-69396A377211,1502439069573
a1de196a-c4c3-4364-9d1e-98f5c921cc16,1502472232583
779774A5-4ADF-4A0C-B56C-5CD85F69FE89,1502993745574
b29cc73a-00e7-4c12-8223-b49124c55238,1502415304238
bee7daf0-b9a3-4331-b106-b59c2b4e73f8,1502471510572
a2db6d84-5a13-4f46-10f30-91f9ab7f897c,1503078654546
f2099420-fdeb-4c98-b721-6bcac0505f4a,1502479578921
d10f3477-0b31-4dbb-8a9b-d73c769f7e70,1502478431691
9792ab05-dee0-4830-bcdf-0d76ad3606ba,1502474131976
B4B2C936-77AC-43CD-8A6A-84EA53C514BB,1502470078177
ce9234c5-4555-444a-84d5-77614638930d,1502466108511
CE397060-D939-460E-ADD1-2221A9ED811A,1503002934931
949588f3-0143-42f1-9a76-b2b81cbf29f4,1502733218460
e697434f-f1bc-44d5-96c5-c98082e9e06b,1502467547133
798F8AF2-4BB2-4238-B900-7133A7211EBE,1502988525083
f4072424-b834-44e2-9282-0e03b18225e5,1502399049685
3b018779-219f-48ab-827e-95988781f223,1502476173286
51B0F2EC-3C73-4143-9A23-C69FE53B68C5,1502406571910
1a82fa9b-656f-49f2-a3e6-017a3fb9c57d,1502516890858
40EFADB7-A2FF-40F8-8998-5F88C24A8798,1502919454663
72D0701A-E1E4-4722-BDA9-C6EE524A55BD,1502398080927
4bf1c1f5-c7e5-4717-a8ad-ef1487bace36,1502472024772
e4889b2a-46df-41d0-874b-567a56f992df,1502985580181
CCB9E867-E1D8-403A-BF62-B8431D1E7984,1502472403702
ffdffb94-b6c1-4368-81f1-06f7fe0882e6,1502469715699
25f7ae45-9d72-4588-aeb4-a1e1e5739eb4,1502398107564
6c66369f-7d8c-4859-aefd-694f0237fdd0,1502473833287
e026756a-7cc5-4d0c-8529-a7640861294b,1502475113998
5A1977AD-8E58-4225-B8DF-2F2210F01909,1502406453017
ff171cfa-b93b-4411-a6fe-5c6463525c31,1502732466158
BAFC8E38-9722-4028-AD41-28F3632CF10E,1502923269216
62ff6a96-07e8-45fd-9ed5-580e16e19e7f,1502472940780
d135d623-9b5f-4c3a-85bd-2eae4e7de3e4,1502896302701
423657ca-f992-4f94-9ab5-f065bc841fdf,1502407616033
7d5e9de1-f047-4a57-80e2-06aa0bd2deb1,1503102846964
a4f019e8-b57f-49b4-11463-3b6a870a9365,1502481665036
7f117b75-fbf7-41b8-8e7a-6a2c687d0453,1502789884306
8cf15bc0-072a-44c4-9b44-ed6c66727a1c,1502475925769
2cff3467-43d5-4dd7-89a6-7f5df2ed3348,1502964565714
123eed25-da5c-468e-9d29-6226f835dae7,1502393553821
075850fd-7d4f-4987-8854-e785f331157d,1502461114392
83419d4e-cc48-4c28-b289-522fdb047cbb,1502900150036
6ab2eb6d-9288-43e5-8feb-ed957d23efcd,1502895921281
c8cc5b4a-df77-4e82-b10f-0766a2e8c877,1502468420335
e0842464-6857-4c97-be0c-a95373f6e1a9,1502465257743
6795f52e-d2d2-4701-9244-02e126f63ed5,1502400042660
35cc701c-81af-4f15-83d1-7a219978558f,1503081718853
f38d6c50-2761-40af-aa23-7f2374f89584,1502470102058
35f2680e-b115-4858-81ff-ba194b522d30,1502987747758
64fb6b0f-b999-44ae-ae71-f937bc912148,1502985805227
ea5217de-2b43-4d64-8e9f-43f3757be1b5,1502469674485
212C7292-9FE3-4803-B795-B7B7EB1322EB,1502928380019
1F0F93E9-4FAE-4584-9235-3082DD123482,1502673618642
08A48464-6961-4C77-BEC7-9DE7D59D4BAC,1502730041428
b7ef65cc-a073-48bb-897a-c6854c68574b,1502657927078
5e0a3941-8ddc-4e98-aa16-501e5d046697,1502561377125
ad488ce0-673f-471a-bb10-7982f2ce74a8,1502411042816
F112B4BD-2ED0-4EBF-9E43-5013863F3F18,1503008609866
22258d19-4e2e-4a9c-84f3-23d439f02d0c,1502476171850
a1ad27a7-385a-43f1-895e-4f55bd90f7ea,1502411564338
25a6a2ff-719e-4a4b-a4af-e50bf3dfd8a9,1502415032214
449d1190-b472-4205-9890-76a5a8101907,1503071592804
33dce094-a63e-4586-9182-b1e77eb1d1e7,1502908142641
e2bf671f-afcd-4428-9b28-896423f303ab,1502913966583
ca7604a1-1032-4fb2-b262-9170c829d48f,1502469314102
5d55a32f-52f5-4ca5-94a2-f0bd1aa3b6c0,1502468804397
a8213cee-b62b-4066-aaed-a326829c417c,1502472278585
812ac026-2862-4b85-9554-030745ca1e42,1503078762097
f19c2be8-8e1a-46f4-b79f-4b9eca7be9f8,1502407002061
67b895ad-dee9-4a2b-b9c9-4aaa635da2bf,1502478358082
f16f7fb8-2d4c-401e-af7c-6593be6f0f16,1502467101238
e9b8c8fa-0843-4194-9fd4-65dc99c368fe,1502399627158
4e3d8988-b402-4482-95ec-3efe3e972e4a,1502463932114
bff85ea7-fb73-44a2-8271-b839c49dcf81,1502475589385
d8aa5153-0f25-4708-bbc9-58d73044f65c,1502465034607
43569820-4462-4b90-9cbf-673ef685b0bd,1502909869035
84d9137c-a640-4296-9001-da094914e336,1502401327010
32e6c04e-e515-4a62-b3d6-2060b962d932,1502472754369
FDBF89ED-87D4-46E8-8D08-90A749315662,1502410276368
AFD8EB36-5455-4119-A118-9EFF197ADEC1,1502468495851
8cfa3b68-93ee-44f8-adfd-5cac3051008b,1502475316722
1771F59F-3AE9-46A0-BD65-78F1C7FCA67D,1502820336590
ae079010-1526-4a1a-ac93-103656d4dd30,1503079252975
37c03e05-f579-4c8a-9ab8-a4bb4c09ee0a,1502472152719
3a922c82-036d-4f1a-bd5b-b5595a765e73,1502464092409
8ABCA5CB-A238-444C-9E44-9C369B731A3A,1502919304353
7b4e7462-c356-4e99-8a55-4b81848f95c7,1502478189567
c33cf11a-64fd-447b-98bd-d7f57d9cb22a,1502905107930
576be643-1de5-4354-a2db-2ee714e91ec8,1502476753569
9f266037-2dc3-4796-116fd-f3b41f2c90da,1502742078176
E9EE789D-5A12-44AC-B89D-860A8DD675D3,1502470172695
9f81d2b8-4be4-47f4-a0de-9de16e307256,1502396199375
441cad81-a47f-41c3-11f9d-2257e0d5ddac,1503328547305
a966903f-1a7b-4cd3-10ba1-b250454e36ad,1502411013186
6daf4e97-932f-4cc6-8f08-474637910b44,1502474290874
DF9AB8D1-BA38-419D-9C6D-1F5D73268613,1502989054689
ae204f73-16d3-4cc0-9d78-dc6611684359,1502994227004
a74725a3-371a-4639-b85b-1d0ec88a9599,1502460795485
c1f8a0a0-773e-4ecc-9a90-11229ad43d2d,1503078297407
14ad5cf6-d831-4421-b568-2851a47b36e3,1502472319205
007a678c-03e1-435e-8a06-b49c2edb15b3,1502475258012
bf4977dc-e065-4a57-8cb0-e88104cd476c,1502919687916
4F368918-0ED5-4DC5-9DBA-3FDB9690E35A,1502439559983
2e682790-85e7-45cf-a623-07f0e006747c,1502400014728
a1e2740f-7e71-4120-b53d-020f30c7adec,1502403311724
e84315c4-1370-492d-8c07-699675eefc6f,1502408119754
ede3667b-98a7-44bb-8daf-99f70f9ce76d,1502476334674
8010528a-6ea6-445d-9986-4d92a645218c,1502410210986
DA2EAA25-0171-4459-92B3-3EA6F4F43B26,1502466424990
4F556C8F-C829-4B65-BAA9-19A9EFA396D6,1503104459780
5b9723f7-291c-492e-b373-63ab785cc308,1502492862779
2daaca8e-6397-433f-a8da-1550b3f849d1,1502469307674
2567006f-fd17-48c7-b4b7-0abeb0aafcf6,1502477395144
C17B7395-FF0A-4DEA-9639-8F44C6585C96,1502411095574
ffbb246f-9805-4ce6-8ef1-0e3de3573b2b,1502817152410
b243d049-6df3-4c28-94c1-fe0274507ad5,1502468119222
a69b2d1a-c253-4aed-9b0d-d8a517d567e1,1502404991811
2731bde6-cdf3-4045-85c4-166be8dab9e3,1502397100545
aac4d1ce-5afb-4029-bbf9-df42eb5b2cc2,1502461373849
EFBB6217-5FD6-4A9F-A5A2-043A274D1702,1502805868513
f03fdbe8-1c8a-47d9-8b6a-c4aebceafd9e,1502800859615
D0E61BCC-7E9F-4280-88AB-AB4CEDCC0C33,1502484654856
44b58501-6cb7-4135-b538-6bccbaa138dd,1502472145038
73e302ed-68ad-45cf-a62b-d9c82aa97e15,1502876852928
1e50eb59-178a-434a-861d-5a26ca689a31,1502451738289
34C959F1-2798-427E-AA73-1C95FDB7BB76,1502924948220
2718623c-1abb-4893-8e64-adb3bd1e09d8,1502472978073
c406ca40-8089-42a2-8b75-f3349596fd73,1502399711494
cd414498-7f48-40c8-9834-ece1bc032b1c,1502477131207
d2308d46-f805-40b1-b4c4-3e6eb27f6fe9,1502408752173
495b5c81-2af8-4102-b677-3bd719885f91,1502757712825
b129aa89-445b-470b-937e-535f71bbd0b5,1502802679287
0f94a598-f1c3-4688-9c3a-34d9a0954282,1502474500702
1d364005-4c99-427b-117e8-5a2c7586daf5,1502460741508
82A65E2D-216D-44F4-8CD7-922B432D1406,1502398793818
d9877355-5c71-411a-bbdc-70911d4f6267,1502413460775
9395A4AB-3126-4035-B9CF-E244791B8591,1502472368023
ad09e27c-0d77-4f01-a8a7-88b07e6023ee,1502995620981
6b94064d-548b-453a-bd9e-9ea94f4d2644,1503004296815
3BFD924F-B66D-4A0A-89F0-0773A905A8BC,1502472385148
5CD9D916-F37B-4F52-B56B-2A3084BB204A,1502397466110
9a415979-787c-4fbc-10e4a-8e2b3a27fe2c,1503079104605
ed8b7187-e960-4ce6-8438-f15775fc91c9,1502476372680
c32180a2-199f-4b88-bbe5-f38837a1706b,1502411415813
faed32c6-b3cb-490f-b2bf-780f466a7fad,1502477245359
025f72c3-2de4-4bf9-920f-9ee8e175cd78,1502473780041
638001e4-6d9c-4050-96d0-c62cfff68f4b,1502408255088
4fb62db6-83d2-4034-9214-64fee0522ba0,1502990599526
31c3d89d-2c68-4d21-82d2-c4be28b774c7,1502394254509
3f0566ec-b5f4-4b62-9ef7-4a65fe1c0d27,1502458186222
bb9b0638-23d2-4cab-84d9-25c55f297254,1502986092771
0AADAF42-60D5-4C70-BCB8-0A66A70C2C71,1502466372085
468CA549-57B5-40F7-B88A-848DD2049A5F,1502467577777
c16dedf1-b0a9-4a38-8d44-ceef32069f13,1502468976061
e60ed277-c1a5-4ded-bfc9-0cb1c7f42ef7,1502393733600
DE1314D8-C6B2-49A3-AB5E-BBFA1BDDBF48,1502470871985
c2a951e4-179a-4bd5-a144-eb9b1ea167e4,1502407331319
AC7A9146-A2FC-43FF-9EA2-EBD05671D725,1502398450815
383a0c7f-64d1-4ce0-8b20-b07a41e16f4c,1502476708044
f07d9e3e-1543-4de0-997f-35161fc5fae0,1502469135186
44a9ca38-36fb-4937-10d2e-396fed355718,1502412656181
0ACB1907-81B2-41D9-8FC6-1BE1E54719C0,1502830121530
72eea808-70af-4a30-8a49-43c3952ce6d2,1503067638847
741bdf57-dc30-4123-af51-6c2ca9ab8aa9,1502408466663
37c03e05-f579-4c8a-9ab8-a4bb4c09ee0a,1502472152719
1C81BAD1-FC88-4B45-A437-BA75501A1C27,1502920686837
db9ce5df-60b5-4147-a714-9708750872aa,1502478281959
D648DBF1-BBA3-402C-9B7C-92EC1A321AEB,1502984651924
ae3ae128-16c8-4fbd-b8f1-e406382579c5,1502816754802
420DCB48-1925-4EA2-B54D-38C7C955BAF2,1502404621556
FFE6F463-F1B7-4B79-B4E1-52421A13A527,1502946770519
5be1e779-f26f-4c14-111cc-bc96d4c7ab8b,1502477336287
0033c35c-edd6-4c2c-9816-008fa78e50f0,1502414994395
dd22f22c-5c22-4b43-8971-c2b42cd1e759,1502822738508
B9C7CDC3-E160-4C64-8362-0B5D8B92E882,1503074593385
CAE708DD-4B1B-46AA-8306-7A25692B7B86,1502893132075
A632F49C-E63B-46B0-B7E1-A2BEFE042C23,1502402738417
310b2ef0-bf14-4cdf-9a7e-36b7a3c69f57,1502468764314
6e5ca66b-b010-4e0a-bee0-6b662b84885e,1502468141257
1a4aad4e-375e-48fc-8d27-697b19650a78,1502863637545
459cfeab-9200-4113-925b-a230797f815b,1502462233830
c311c5b7-9bce-4049-98ad-f485316e88da,1502476925350
488209e4-1cb7-4f93-8c79-382b01bbd172,1503002838787
9f0fc46e-9659-440e-8cce-77a2f3aa96ff,1502462360265
8893D95D-89A0-4374-9BEA-6BAD3ECC96A0,1502466316679
3C20DCFF-0D5F-4BE2-93C6-C89D65FF13B6,1502414976909
f0ebeca4-c200-44d5-b0a2-f89b928c4bbc,1502807667382
C5508DDB-E134-4023-AB62-C1208E288253,1502903704698
ccdefe59-57d6-4b95-b0d8-a0e2843a69ad,1502471116126
27ED066E-75DB-426A-9BFC-519E0C8D8461,1502405347323
9d050121-e6a9-4643-9a68-3b805dd5c24e,1502474818946
911D8205-81FC-401F-80C0-9E30AF19E1E9,1502466022786
4f7e695e-3c12-4db3-b4f6-2f51a0f43619,1503013086153
80350484-4b33-434f-10de9-e1b5382caee8,1502738096358
c8870579-df52-4d80-8e5e-d3ee03916168,1503079203477
8c2e4a99-2681-4ab6-bb57-1fd2a2c22ec2,1502894683948
27552f28-0102-4c0d-b28a-6811d97164b2,1502476568238
9a5e6b53-7b32-4c88-9722-d80bf6d80c15,1502461334687
48264FE3-E53C-477C-A65F-C8A7F4DF27F2,1502439715587
0847ce82-1661-42fa-9a48-6f1dd3f62ca9,1502811661539
2e53d997-5ccd-4fb1-958e-0e2a6823d36c,1502907632287
0b1270a4-6e74-43ef-b8a1-8c8faff408b7,1502467876828
7ce189ce-b902-4e28-89bf-3a8c0cbe1dc3,1502476020497
af60c013-5a56-48d0-8e5a-46a205a8bb77,1502454457135
379ab461-74bb-49e2-8deb-0f595c58175c,1502472064623
1f8c0dcd-d53f-44b0-9924-8c68523fbf7b,1502408194285
0C0ECEE6-6520-4309-9EDA-DABBFEB07A00,1502411538471
91b5fb6f-4ea7-467e-aed1-48b757d654bc,1502479671885
75724aef-2880-4241-951b-1862d2158e94,1502479892154
CFD4701F-2BD8-4D03-A7F3-BAF7AC8DD855,1502411666621
59179A98-C08D-4044-9E38-DA2BBC3E540D,1502728202255
383a0c7f-64d1-4ce0-8b20-b07a41e16f4c,1502476708044
abe56ab1-40c0-460a-9301-9c6910ad4dbd,1503014219911
c90a3217-8563-41ee-b5ee-43abcf59e4b0,1502411225455
609e2b21-3d68-47ed-99ab-6c9840846c4b,1502398840509
c70f775d-dd3f-453a-8d0c-abd083eb0076,1502466187318
6815eac2-81ba-4802-a6e3-9585b8da0ca7,1502663596409
c6c7539d-bf77-46c0-8dc1-4b97b83705a2,1502476275744
84E3B813-6178-4CFC-81A9-69221D7D3EE6,1502472744897
411463c2-f2cd-4840-11795-308e20c4a143,1503086053152
ec0a5ebe-d934-4e8a-adee-1853b7e258d6,1502470874092
D5C62249-5E48-443C-B35C-B07C10B7A444,1502466507153
0494F591-7D62-4327-A7DA-2E954295AEC9,1502473545437
29f8e89c-08b6-4d6c-b871-e1529369c702,1502400529609
59993b2f-081d-4741-bfb9-a19f34a4e104,1502463698464
328e219a-41ef-47b8-ab54-cc7f5dec9b8e,1502397258166
22258d19-4e2e-4a9c-84f3-23d439f02d0c,1502476171850
f9164e00-0474-4bf7-ba87-bb77dfb20060,1503077141033
f0215050-a131-453c-8c0d-b38daf006a0b,1502472413427
84621AD2-6E1B-4E76-B454-A7CF75968A2C,1502473436801
954f421d-52f1-43e7-bc31-168bd2923aa2,1502468639778
fb3bfbe5-e56c-4efb-82a5-7e9e8353110a,1502890674714
B707B0D5-EFDA-4A00-BA9D-DF197257F86D,1502414705343
247A72ED-17D6-4A17-A1E1-B5C6F6B68B4C,1502411629557
2e3f8a77-02f3-4669-8c3f-66623fede5e1,1502478693267
655f62d4-26c9-4560-95ae-6f535c664c4c,1502915415490
37B8327B-0CEF-4395-A8B0-80052E8E784D,1502900018623
3BB41963-B6D0-49B3-9F26-C8D02B4E2D97,1502407950926
A07B8446-FF2C-409F-BCDC-C84E65E87CA3,1502404753247
c5a00c54-f3c4-4c65-9353-3fef232c2e88,1502405540843
704d98b0-72d9-488c-9b51-27c59ff583ea,1502909880414
b8d93613-3782-477b-8935-7d0724229395,1502488222715
54d37e6d-364c-4789-be82-aa3b425b4545,1502464298085
486bf554-9b58-4000-a2d5-47041b59af5e,1502985478600
07c6a8dc-141b-4bf8-105f8-6dda63560e02,1502462050204
c70f775d-dd3f-453a-8d0c-abd083eb0076,1502466187318
ede3667b-98a7-44bb-8daf-99f70f9ce76d,1502476334674
46ab1557-7d49-4b40-a328-6f46fc91d3fc,1502910561595
F94939EA-EA39-4441-AA8A-770ADB1E2973,1502402869031
58396d1f-f505-4a9a-ab4e-c6d73cf01ed5,1503016259303
f77da747-ce83-4778-8e8d-55458c38f25e,1502462959061
ad08a9f6-60d2-47c6-a72f-69001f3b1396,1502407701128
057b8a8b-abdf-48fd-9695-6a1dfecc7e0c,1502479704968
e1c12c2d-0af3-49c6-8d84-b744b3809b30,1502886024226
d3c1afdd-ed09-4ff5-8a00-e6ab665754bc,1502393784677
b723c666-f0a3-457c-11205-c85865e1cfcb,1502454774713
a00c874a-cd20-41f2-8c0d-7420696444ea,1502460389943
DD48727E-E151-4368-81C4-7F589AFDAD96,1502478576598
950C1A1D-F1A3-439A-9E8F-1FF4E0D3E9FA,1502746331043
55E5B2D8-5443-49DD-8F6C-AC54824FDE61,1502414778941
b751f6d9-1fc4-4f19-9600-cfd781279aa4,1502401609208
A99317B5-B892-4BA7-A018-2CF501A02568,1503002970370
0B9CE562-211B-42E4-9474-0B2E2E548BD7,1502474911884
5A1977AD-8E58-4225-B8DF-2F2210F01909,1502406453957
4d5459df-3184-4196-9555-c58aa5af5bc9,1502409280591
df18f553-4c50-4555-8113-8f061e646d80,1502467418554
b98020a8-cbe8-47a0-a04a-315b0ff1eb82,1502773672503
5aa95c27-b46e-4924-11da0-5239a840783f,1502733801859
ec8975dd-d5e8-4fe9-116b4-633bd4523fbe,1502393878060
fca18ec6-3875-4f4d-bceb-852b5c3a1a2b,1502446177386
a4f019e8-b57f-49b4-11463-3b6a870a9365,1502481665036
15540f45-9217-40af-84b2-63712451faef,1502396684697
0c4be649-1ae9-49be-b3c3-ffb75a0ba113,1502678563107
0685069F-B416-46BF-AFEC-B4CD8776E98F,1502472348121
76534b33-aa3f-4223-b185-441283da3acd,1502466799590
62f6fde8-b760-4f8e-b346-52bc291b5a9f,1502472823058
cd632f1d-8d3c-4877-a143-2029392cba81,1502408812476
faed32c6-b3cb-490f-b2bf-780f466a7fad,1502477245359
D6D503C5-314C-4951-8F22-8B1FE7223532,1502756628897
ec37e622-29f7-4077-80c9-78bae59dbf23,1502470080743
9b34157f-e700-4564-b6d7-14d09a8ac0ff,1502887718617
2544fce6-d79f-4aa2-9c3e-8960b5b3927a,1502463881713
288CD2CD-61C2-4099-95A9-D5FD39187534,1502406679105
12BBF3EB-5921-46DF-883A-E55A7EE21140,1502481555257
190befc0-26b9-48d3-8708-1f22f396266b,1502468405778
9c5d0783-bafd-4fe2-b875-7b7de9590a2c,1502983552861
6e5ca66b-b010-4e0a-bee0-6b662b84885e,1502468141257
2B251951-B15C-4419-8C05-D0D604946712,1502473374004
e4ff4c3d-09e9-4fb5-8c85-edf475ddbd65,1502407707644
29008319-04C4-4E1E-9063-E61E326E94EE,1503075892614
6bf5c4d8-efca-44f1-bce1-13d86904c7b5,1502821277697
BEA1388D-4093-4437-9599-BA88939BE623,1502835947638
d32d215d-1d41-4921-a515-c41651dfc6e8,1503081974573
3cdf7fa7-bcfb-4a30-8a48-b91f22861311,1502406739749
7beb3dbb-335a-4900-9599-2c08da559874,1502476323906
22aeb273-4eb8-4851-98c2-fa766ff4178c,1502728076280
f1a069ed-55ad-472a-ab67-6728dff5aae7,1502477148167
37ec4a78-1630-42b2-10351-8a98c2a17415,1502890552256
40d88f69-491a-4b21-a477-fcbe4fc9ef2c,1502468440243
ef861b1a-2e7f-4dc7-99d8-5940bcb5cef7,1502464579669
34edecfd-c29b-40e7-84c5-f05c47326c26,1502493818148
f1a26018-4be2-4ed1-8bab-af1723137c5b,1502475654469
c311c5b7-9bce-4049-98ad-f485316e88da,1502476925350
edf35864-0daf-4641-b482-c1d62efa3bc7,1502412887602
08385fe5-a69d-43dc-8de9-5f4652dade22,1502490557710
a0c4c3f9-b668-416e-10c4c-e9f1ce62faa1,1502476451156
A370410E-7ABF-4BD0-9F71-DDE63D24E165,1502415429237
03C0A65B-CD6B-4D1A-887A-EA26B6FFDC37,1502755028603
0280c53c-0216-40c1-a50f-5c8d29f0ec26,1503100460796
d965d8e8-821d-48ae-9edb-314a6ace82e3,1503003831715
a6ac0280-635e-405d-8e7e-1f2c15b0ff88,1502807406223
536ae068-56ee-465b-ab9b-726f74594522,1502401982715
C3073DB8-7DA2-4E1C-AEDA-B12977D9CEFB,1502473491651
6DE238B6-3418-485B-A633-B803B3C32E9C,1502405522303
5BC7CA59-8272-4A1A-AB73-D72AB68A807A,1502411702617
8C77C0B3-3867-4784-9BA8-F117B5AFB705,1502466239249
4268ed9f-6f92-4485-9226-652a96c03019,1502476350134
70CAD26D-0822-4409-A021-496206F415AF,1502805852286
999F13BE-CC2B-4D67-A978-06203A230D8D,1502474813525
b71f1664-58be-4aa6-af7b-3deccdbda04f,1503084228760
b0dbaacc-43fa-4495-8a6e-f4f3636a66b9,1502464964073
8c29ffb6-37f3-42fa-a6cc-1dc2cb4f1314,1502468327008
f383b5cc-3b8d-4509-823f-0a529ec6269e,1503080438988
208725D6-B82F-43AF-AC7F-9CB4CEE2F893,1502412858374
8feac72e-66c7-48fc-ba70-7d842efc0205,1502394693710
b281b217-6890-469d-85a6-6695cb9b4d06,1502474311212
fadf23bb-54d4-4475-890c-7dce2339d740,1502930221734
5a32a487-8a92-46ad-94a4-10954007d9e3,1502406543332
EFA6FB54-8D7A-4E31-A4CB-9AAE73454409,1502472255442
121053ab-b32b-472f-bc95-67ae2dbe1859,1502407182765
6715B85C-C585-4453-85A9-2E87DF337E05,1502473471685
BA7BAA96-2D86-437A-897B-B2F528A0070D,1502401044536
CE261DA0-5285-44D2-8A6A-935E44F5E611,1502928348215
8b072758-727e-48b0-9f69-8349ed7a63c0,1502410305844
42AA2472-107D-4BF3-A36C-0C5C791CA37A,1502406525751
D85F914B-81E3-4238-819C-D72B90A7AA61,1502406619439
aa8d1b84-ffd8-48db-bfe8-f226497beaab,1502476039784
E2A6B062-3FC3-4FAB-BD41-A25A5CC303F8,1502770573437
F27DAD16-8ADD-4D43-949B-6BE861FA36AC,1502414849797
3d91853a-a756-4f9e-8ce1-c95c552476ee,1502455646944
0d2f4ff2-9f36-43ba-b457-807797bf2cf0,1502778461976
2617ca99-977f-44fd-8860-f2c742b04627,1502462638126
73E6D117-D6D2-491A-8BB0-00AAA735BBFD,1502480999493
0F97BB54-BC55-482F-BA5D-7262E5735066,1502988828590
bc39d298-2972-4ace-b669-28b243d42068,1502471981539
90f747cc-f3e9-4aa2-a65f-a0a19ba8ac49,1502476426055
F686B5CD-8AF5-474A-8BC2-C6FDCF819234,1502467186784
F4518095-0288-48DD-AA44-D988EC63B47B,1502403792760
FC981D7B-BAA3-47C2-A9A4-34A87355F031,1502468099644
8455D4AE-7678-4260-ACB8-CB67BFCB8FEF,1502473527957
563f5df8-11cf-4bef-9648-ed81c9d245ac,1502461481123
3769b516-952d-47f6-be61-7c939bffe6ab,1502476283177
B4DD2332-3B82-4AD3-9AAA-F9968345A0A7,1502950594739
84009217-ce2b-4a0b-9427-d300271df1f1,1502481410958
735f9b6c-e290-4c5f-888d-9a933927f19c,1502900888974
84C8C77F-1C44-4526-8AF4-823E9DD510FD,1502414885857
0ad612bb-0b88-46c4-a7c9-277e93f5d14a,1502397832413
09cf2108-b9bd-4a26-98ca-291707ae361e,1502470414660
67a9b917-0df5-4b9f-b0c0-28765a13b071,1502404568060
3C20DCFF-0D5F-4BE2-93C6-C89D65FF13B6,1502414977242
1f8c0dcd-d53f-44b0-9924-8c68523fbf7b,1502408194285
5b3b0e74-012d-4b74-a531-4f2d76ff1e7e,1502398901808
d17f083b-ea8c-497e-92aa-5e9c077fcbe5,1502472647549
128fb2e1-afee-4dd1-aabb-520ecc539b85,1502476876622
ADB2B4C1-5CC0-4C08-96B8-DD57154A3EA8,1502411594774
7CB320D5-ED38-4C55-A528-76DF163C58EC,1502413241175
7a6e9240-a399-45b7-b335-47fc0d7456c2,1502836009069
0cab6ccc-c9e4-4171-11870-c387a35d9734,1502821578397
32a6d3b9-75f4-49a0-af29-9b8b81ca413c,1502405501435
290C89C6-7C9D-4EAC-BC6A-988DA1080B85,1502406604174
67b7858a-1f9a-465f-827d-4e07a0de23f3,1502994674088
F5F33196-2A9F-4E0B-A25A-B6EAC7338714,1502406540064
FFEC3869-215B-47D6-B051-B8B840992C5B,1502471534085
e8beb11c-c4d2-4d37-8f9a-268b859a7fb6,1502476465304
8A762E66-27EC-4CAF-9103-2315A7C0F8D6,1502990110371
675917BE-B49F-4954-93AF-1EEA4B3C4398,1502411685451
99A4930D-49CA-4A96-94FB-F6531291F180,1503007309564
b4831a44-e61c-48d4-b487-8cadf2373f38,1502470175956
99b62f99-eb0e-4906-8cb3-80756a7ad5ab,1502466549517
ed1ef6aa-5e40-4252-9e34-8b674a113063,1502425422942
82019B03-77D3-4625-88D7-A14A7C7EEE02,1502410122173
BEB3D08E-0959-4BD0-87CC-E8B3C2433B27,1502404538846
68f30bdb-4afa-4b67-88f2-4fbdd5e52af3,1502467647388
9696f99a-d469-4c59-8673-caee9788781f,1502474353541
d290ddb8-c900-4516-be63-668fd19b9714,1502458285264
2CB1AB44-CD06-4B34-92EC-F943133EC125,1502749774595
4157bdd9-9b1a-4194-b3a6-a1ff3003975c,1502400577022
F69BC57B-8032-427A-9562-0CCC7C67E898,1502398685965
55D185E6-4FD9-4832-AEA3-A8AFD8A15991,1502728576358
66141f8e-f077-460a-9bcf-1493bc93341b,1502813874673
400EE685-4838-49D2-A548-AA7FC362F067,1502439881416
DD28EE10-E1A8-496A-9411-8C143201B7FB,1502466335696
8b17f1ab-4ee2-4089-85b4-945d6a35954b,1502395004974
C11359B7-EB9F-4F52-BF63-B6756E6BA3E3,1502401154919
a5860e96-d089-4e73-a974-df92538ec98d,1502481489640
ede3667b-98a7-44bb-8daf-99f70f9ce76d,1502476334674
35FA2BB8-7061-44BE-B569-439BA974DF52,1502472420518
1e469c58-14eb-4886-aca6-16155a06d7ab,1502480902022
fd9219a2-5ed2-4c59-93b2-a6b11d779414,1502733729984
03bc92f2-49fd-4532-871f-4793fc803034,1502404869434
f1686778-f3b7-4eca-a3b7-b3622bcb18b0,1502465642322
7a6b7ad2-5d7a-40ef-939d-a929f0bc963c,1502399444071
1e469c58-14eb-4886-aca6-16155a06d7ab,1502480902022
94212624-0c30-434d-99c1-9782691744f6,1503068965226
15135743-5d9e-463a-9a6c-d6959fe7f9dc,1503071972361
19ef2615-818e-4a28-beee-fd4581a402cc,1502896748389
cdc4123b-824e-4add-bbf7-a2f34400ebab,1502901290409
D2543FE3-646E-4DD1-9DE4-4494C40FF8B5,1503002882150
C65A9B01-C1A0-4E24-9D55-2ADC38941BB5,1502429710498
00288057-C447-42C7-A087-40C914D090D7,1502479877211
633EBF67-D211-4963-8625-9028B9EE810F,1502406769710
b72beb6a-e4ea-492e-9d08-12e4d874b608,1502481326593
19BA4E9D-BA02-4FEE-918E-9B83B70CF168,1502406791824
77cd25bc-4118-44d9-10052-2f140c93a39b,1502472678751
9E2C1182-AFC5-478A-AB64-F74295F6903E,1502404628344
9D3737A4-7118-416E-9FF3-61B246691BCC,1502643264455
a7a19b1d-ae0f-4931-115bc-3c20c6bc3539,1502454715356
22258d19-4e2e-4a9c-84f3-23d439f02d0c,1502476171850
4121ba71-fe8b-45c7-a222-a98c94cee297,1502901778737
c311c5b7-9bce-4049-98ad-f485316e88da,1502476925350
0c0f4db5-e7f8-4baa-b4c2-19340262956e,1502477745526
D45C0273-4FFE-4891-8D12-F2C1B018B713,1502476760712
9175a7d1-3c2d-4d04-a374-96aae6449d92,1502734082652
D76F96BF-2849-4A89-A4A6-A5303FCBFE91,1503324944589
293925b7-7a71-4f97-922f-bdfcc8dd3c9f,1502495955712
6d416dc5-3fa7-4dab-922f-101ab54fdb89,1502397564110
9719b3d7-0b26-4646-b8ae-5e1af5fe7be8,1502916329199
1b340cec-f31a-44cd-10789-6ad1dc459cd2,1503077837943
b343338e-0c62-47a7-a29f-ef3998570b16,1503068221845
63BA1EAF-506D-4499-A1D8-7D00ABB7BA8D,1502455403525
916bb34c-2fb4-426b-8c66-85c0e83c6c8c,1502907984366
f031a6c7-f59f-433f-afef-4c6190414082,1502399476454
abfeade7-ce1b-4eb0-11a1c-771ba44c27e4,1502733201757
7385FBAA-1771-42BF-8D1E-2BC04251104C,1502466299501
C3203AC5-8B21-4E7E-AFB9-B340A9A82E24,1503091429406
d3edcfd6-d94d-42dd-9250-32dd99ddae27,1502406793465
4f86fc54-335f-4440-9480-5f2dd01abd59,1502388540759
E8AA41EB-AC44-4B04-A3D1-D67A69753B6D,1502466702328
457ACA88-A0ED-472E-8964-D5CECC56C741,1502425707141
9e3671ca-32dc-4bd9-8196-ef7c13b96a70,1502475311919
61c64bc0-9669-43d8-9e36-27f40114f515,1502408519668
1c1b21dd-820c-47fc-843f-38439a58b003,1502456977382
5a34ea2b-0fc9-4c6a-ab86-752ff99d581d,1502470387831
90c732af-6f86-43bd-ab42-15c45209f75d,1502473128535
D49526AC-DF2C-453A-B95B-772C4C1EDC30,1502737033587
87855751-3a54-48e2-b6cd-92c589f8cf5c,1502459797662
92CA76F5-919C-43B0-B27C-76D45B938145,1502421708793
efb19ccd-3385-4e0c-8be4-a5f1c871cdc1,1502716753040
a03e9abf-8deb-4006-82b9-40c552747165,1502477529464
c00f75c9-93ab-476f-9a27-5334d0dde14b,1503069711632
CA793AE0-7DE0-44F2-98A5-A1BFB676FFBD,1502414832527
7064c400-acfd-45af-872f-50c039f614b7,1502771416156
6c8fa090-d9e9-4c2f-b041-f92d13501ab2,1502806446481
75a2f7b6-2a92-422e-bc4f-47dd6bd58056,1502475763557
02cbf2bb-c264-43cc-b2a2-d8b16ed50341,1502420915242
dac4e7f1-cf09-4c5e-b632-06a6dea5024b,1503065138692
2d9d761e-20cb-4a00-11a1d-ee2406021650,1502457822997
a0606d7e-0168-4942-8c16-52d3a5827cbe,1502903054717
77cfeb39-6dfe-42fa-8210-7198b8254a30,1502915121791
CF87C6BA-166F-40C1-8F80-F15F65E8D015,1502695309940
d25f8f62-254e-405e-a070-4e340481947d,1502457744535
6a5ac56a-77e1-4be0-b20f-46863b621ce8,1502401127118
E6EAEEB0-4017-48FF-8BFF-0F29A67B400E,1502468218716
d111041c-e2b1-41ae-aa3e-7de158c97850,1502472607220
f00ea1bb-05c8-459c-8e76-5d01ded7c125,1502461870821
e430fbe2-fafe-49cc-a3cf-a161b2950aa3,1502396074070
dba7f7c9-82e6-4219-b6a6-7d6d5273938d,1502478345295
1FBDCF31-E7E9-4DEC-A606-A7BAE8FFAF9E,1502415035454
EA402B48-A531-4570-87BC-6C2EBDF52CEF,1503324180712
c3b65c04-d028-4ac8-a45e-2f9ed1c8c384,1502491124888
f7879723-708d-464b-8e73-a8b26e43d721,1502393696509
1f8c0dcd-d53f-44b0-9924-8c68523fbf7b,1502408194285
4AE5AC66-D9DD-4D7E-AC5C-0B16A90C2D43,1502939474904
A89B23C6-29E4-4B01-8F0D-730915949A1E,1502640836950
8E594C67-6FA4-4E13-82BB-4B671EECF0F1,1502928384388
1b649d77-bb3f-4a52-9774-584029613411,1502918812068
0AEA0EA5-C09A-4566-BECC-ED4DCCA8D5C3,1502463933498
D087FE5C-54D0-48CF-A8D9-C11358791659,1502863337115
7beb3dbb-335a-4900-9599-2c08da559874,1502476323906
139fab47-d3f1-48f3-84b7-bc87828bec7c,1502477189065
0013E4D1-0222-471C-B292-D25586C398E2,1503101325172
bac95069-2b4d-4e5a-9bb0-589c6cdc61f0,1502410517130
87763ad7-b3ab-495e-b462-bada9ca9f4cf,1502461997933
4d7d493f-d8d5-49ea-bd37-b96c8f3b20e5,1502391105010
2b2db633-0ff7-44d7-a7a9-d702a1539109,1502404086495
E340B70D-9F0F-4117-B9E5-A09414FE65FB,1502466401286
6babe6c1-0eca-4be1-8544-44f6281ad515,1502398619314
6A07F6B0-B2A2-457C-9FD2-B56E29D721DF,1502946899493
21c253fa-3dfc-4d3a-b54a-5e4019e23815,1502480102472
ac9b72db-7168-4a76-b9dd-b4ea2f9dbf3f,1502400973860
0e26011d-a505-4fab-9208-04448f39d432,1502467788909
bbfa087e-f40f-4895-8ad6-fa47e7c4da50,1502469796627
29fe94c5-d385-474c-a9c3-e3053c339148,1502479381793
320b671b-e689-4889-9d12-517622e2f71c,1502411676153
75527FCA-D355-4811-A5B3-D217631E48A9,1502856585770
02ff32c3-9d82-4cc3-a76b-9da1c7e41534,1503009005717
72780b7a-40f2-43fd-a9cc-6271d8388bde,1502694568656
8df0b892-72a6-4d1b-ad07-5763437879a9,1502408013291
84b5a860-09b8-422f-bf73-61981b6b7652,1503102061094
CE530684-411B-4138-A4CA-6E323525A174,1502475801429
21dcd312-6ba5-43cf-887a-624714c04a78,1502463806511
b9a0a77f-d77a-4aab-9a09-2f5808323d5e,1502408547075
573318ee-b9d1-4b95-b324-85d171d8754d,1502771949158
bffc2738-7db1-4f34-9bda-3534fb221954,1502409029063
0d0b006c-a730-405b-8cf8-b14b3f163911,1502460454558
eedc356a-a4f8-4128-9fc4-e46a6e1bcf92,1502403267424
96B6B6D8-5019-495A-8D1B-09CEFC221FD6,1502992034188
8a3beced-1413-40b3-109d9-352cd54d98fa,1502820722211
d9781d3f-92c8-4e4e-a1ae-8dbd8861cdbb,1503071799586
65b0e772-d118-451b-a842-1b2759d0aa42,1502470128585
31F4C138-9C27-456F-AF0D-451E70851EB9,1502406554552
0a00f983-fa46-4e3c-a980-2b40a8798751,1502473197836
544948F0-DB25-4609-BEE9-CB425A92D77A,1502480649589
10E999B6-1F06-40F5-93F6-4BCF409DF94E,1502466463913
FF4F8215-7A67-4C45-8950-34E023A9FBAD,1502821638485
1e140386-92f5-4ac2-ab9a-1ac078f5e756,1502954819675
15d027ef-ec08-43ff-b259-9a96182a8b0b,1502396918872
10646C32-E175-4FBD-A13D-030E1D5FFCEC,1502821554188
CA51A5D7-C090-4EE9-9A48-7EF111F28BD8,1502492837276
5670ed44-e189-49e9-82d3-f944e1d746e4,1502467779483
358D22D9-2C6E-434C-907B-C9A91CB5D52A,1502745458891
37c03e05-f579-4c8a-9ab8-a4bb4c09ee0a,1502472152719
f1a26018-4be2-4ed1-8bab-af1723137c5b,1502475654469
6A647550-46B5-428F-B1CC-C2FFC8F04C19,1502468528116
8E474357-817E-44FE-B231-D88C29DB88B3,1502474986932
239887dc-5f8c-4fc2-bf69-8cbc2fb498ee,1502409968943
95f4ce74-c759-4d67-895a-6eb4eb0e29c3,1502472527399
5ec43d2f-5323-45e8-9ecc-12ca34ef1a98,1502463486310
9d749d66-405d-4e21-872d-160a4c89f59d,1502818169521
33faef53-4c9d-475c-977e-8b0514c9a9bd,1502479462589
04EE25B6-6886-4D9B-B102-52500F4428E4,1502396474861
3aae8db7-2d87-421a-82a5-75bc75a69295,1502472224228
3C0D11E9-A2CE-432A-A86D-045651E41C26,1502466355508
7B452099-6513-4CD2-A4B3-0F9E58F64E03,1502398624101
EFA7DC8E-53DE-4492-809F-605B43393C3B,1502411071383
AFE24C96-774F-4BC6-8C6D-6C49379D964B,1502413370116
0b0953ad-0e97-4b26-bfa5-b830a0e85cdb,1502407760683
22258d19-4e2e-4a9c-84f3-23d439f02d0c,1502476171850
784a7aa7-776b-4aee-907c-a626c0522f06,1502409832379
933851e7-75a6-4886-b2bd-fc3992a9f552,1502410186843
83ec15ff-ce23-4e41-8bc9-3b82ea9f67d1,1502472326389
6d1e1a6e-966f-46b4-bcea-d4b984c4da25,1502742918478
878d3da4-0084-499b-9b91-f3eae5266b83,1503009240614
91a7e255-249d-4c2a-83e4-78332a3a0cc4,1502395289528
8633C5CE-53C2-459F-91AF-170F4D328680,1502410584482
8cd942c6-310f-4f67-8d9c-834a815d269c,1502909211869
5fba8d74-f3f7-45d7-a687-dec0bbc18f58,1502471573085
b7f6c939-d17a-41e3-b757-07aacaaa64de,1503076014205
F5F8C1D6-9321-4F18-BB5C-748B7B558177,1502474877658
8C923895-7347-4761-A762-C4B8E594E7F5,1502399981231
978b8ec4-ccb9-4934-9d95-771c30d1a18e,1502472106124
D5C468E5-C045-4D66-9AF4-0883F34CCC12,1502470288582
0DF53F89-CC2D-4041-82D7-795723A8B70F,1502415089266
13cb72c1-5199-44c8-a702-de409cdab40f,1502465541649
1d147676-51fc-48ff-967f-e092c1af96fa,1502391392910
2718623c-1abb-4893-8e64-adb3bd1e09d8,1502472978073
32a1e320-91fc-401d-9c52-f4b32930c072,1502473070740
05421e1a-4649-4254-bc3f-de051e7d892a,1502894806714
4d5fceec-1d41-4000-bfff-138333ebe6da,1502399897321
ec9d47e6-64e0-47f4-b889-396424fe347a,1502473679586
4df46cf3-2d0b-4572-112ce-470c863aee2a,1502475847185
ec605604-25e2-4114-9481-b555a14b5573,1502677595214
50B8195F-2E49-406C-B2F6-FB4988165144,1502403035793
6cc2f9f2-7487-42e1-bbee-8a94588c370f,1503005699711
7066f92c-cd93-4c71-8eb5-ba6b67a100ab,1502917383515
AD050476-F350-4BBB-9940-B994B8DC2AB3,1502473454514
7ffc8673-947a-4623-901f-c66853932a37,1502463187993
be8b06e7-d329-44e8-11824-b2fc739ff031,1502468717156
e026756a-7cc5-4d0c-8529-a7640861294b,1502475113998
4f5d68bf-476d-442b-bb69-f5d238b4b139,1503106211319
89D91FF3-3217-455A-8DC0-82B45AD21580,1502398740387
c8146df3-fadb-4643-9cae-bd7e2ef3569f,1502738259800
9271d63b-af88-46ed-9d82-735ddb4e33d7,1502996305298
50B8195F-2E49-406C-B2F6-FB4988165144,1502403035855
649952F2-8726-4E3C-9AB8-F96F6345B961,1502991942982
5d55a32f-52f5-4ca5-94a2-f0bd1aa3b6c0,1502468804397
9322a352-3c9b-4bff-b2ff-e4dbd0af3355,1502400785221
730A0563-68B9-4D60-A398-F83CCDBE90AA,1503079393949
ede3667b-98a7-44bb-8daf-99f70f9ce76d,1502476334674
984bf8ce-a7df-447b-a6b5-8aefc7df401a,1502397261682
cd828593-a558-4b4d-10bb7-26f374148f51,1502744564855
4b048f33-6c70-404f-9f71-c5df3138a38d,1502906090814
e328e3ec-2c92-465d-8359-25e9b986ad89,1502404737174
756DC174-3B77-43E8-8B21-B323EA041D5A,1502757186896
0712c63e-c0ed-4412-80ba-4e5f500f903a,1502473465878
C80E63C9-58EF-4521-A4F5-47C4897BFA17,1502474969323
99FF9A7F-6B06-4A6D-A7A4-BD32AD038050,1502944840229
59bd84cf-a405-4239-11a50-4b6f92c2aa14,1502926712067
e9d3fb20-a790-4001-a98b-26edc684435b,1502471263929
e959f85a-35ee-4afc-9c08-97f01ff9d316,1502819296247
3A04DAC5-7412-4547-A998-577EA446B6D2,1502922422319
597684fe-fb5d-4a98-11bec-5f64eeaabb58,1502733123097
6db8b257-88b4-4de6-806b-b78473c79bd5,1502465669186
21858ffe-5b72-4d0d-887a-9f922e9d5f81,1503099724954
1e89c8ef-41ab-43ac-aba3-f4d7b6870d65,1502471063185
3EA0DF08-A00C-4786-8CC1-4D4037D54706,1502669716506
7ed98917-556e-4e63-1194a-eb1affb753b6,1502476962140
2ABB5BAF-5545-4018-B5B5-B857D250ADD0,1502478391834
16b6fbf9-5abb-4591-ba39-9ecd69d0ec12,1502404021810
FFB09A2A-2896-4051-9F62-AEF2498986DA,1502922536653
fcbf6271-2e9a-4f91-8408-d80e614284d6,1502472792496
ceaf4c49-f608-47ec-a38c-e33d5d757266,1502397156573
F1A4F906-1BAE-4FFB-A890-84A36E3E4A2F,1502775038626
a1441144-90c8-41cd-87e5-5c9b3648e0c4,1502820214489
51ead7a2-b731-4b47-838a-2046474a1955,1502472889985
de13f96b-460c-446c-86d3-2a7280e7822b,1502468776859
F63A7747-00B1-4439-B4DE-8B7059C68B61,1502411508248
05319493-00aa-4d6e-b1ce-9389340adba2,1502408483683
E6F3B94D-AAFC-4182-BE4D-A0047B06DBED,1502413316284
79011d3f-3e69-4d21-a73f-55818bfa321a,1502391548677
4b8603fe-6a6c-4f8b-bef6-e8cbc047fdef,1502772037903
FC68DB46-31B9-4FE7-914B-F8E8B8D44E8A,1502914229658
3f9e40dc-fae5-4e65-8389-4c21dfd8d53c,1502935090327
559b1b5b-be47-492c-ac23-c5548c539155,1502398407117
0e0ad5f1-4308-45c5-82a3-e96961dad4de,1503075280850
43c0db78-703f-4621-9ea0-b666064cc431,1502399581685
1df54909-1728-49aa-9f88-544b921812ab,1502757511397
fbe9b808-ac84-463d-9c09-45c3ca12f89a,1502896784294
daef7127-022b-4e0a-b8dc-594d051d0322,1502774780784
D2B83FA8-5030-45F1-B6A1-EAB8E825BF14,1502741621659
12BBF3EB-5921-46DF-883A-E55A7EE21140,1502481555257
fb4d3bac-14e8-46b1-9f5a-91d3f5f4cb32,1502406465175
8945FB3B-1872-4E33-BC1F-367B907B12BE,1502988746315
8e07d7d9-6f9b-464d-8065-38c9f3cb6aed,1502472819333
2c73ca88-15e6-46bc-9602-eb3d7cc2617a,1502411650162
70ff45cc-f1ab-4eb4-8e8c-f436fa41ee17,1502734886759
40a4d55b-dc33-4330-94e5-b9fc2ce23245,1502474706297
58C068B5-E81B-48F6-A5DD-F3F3F0A669A0,1502403130499
4C07070F-2B94-44B1-AFA7-AA37CCF564F0,1502730056882
4df46cf3-2d0b-4572-112ce-470c863aee2a,1502475847185
C75FB3A4-2596-43BF-97C8-859D453E88DE,1502439207359
28846E48-E731-4913-861E-E9FA62A93F89,1502413389646
128fb2e1-afee-4dd1-aabb-520ecc539b85,1502476876622
AF0EE87F-3500-42A8-B96B-69A5E8122543,1502422752980
07ec8cb3-f59d-4243-bb5d-4861bd9758a6,1502496721343
5d55a32f-52f5-4ca5-94a2-f0bd1aa3b6c0,1502468804397
fea8292d-b2c0-4999-8686-20f155b47233,1502910535763
8AF6FED1-98AF-4A75-87BE-61A6CE2479CF,1502468206526
67349375-90A3-48AD-8AC8-3286A9D6564C,1502925092308
15540f45-9217-40af-84b2-63712451faef,1502396684697
378e9859-16c1-4145-10156-f27f06c8b909,1502473633120
d55dfe64-7b71-42a4-b3bb-1f57802735ea,1502474965876
02e930c3-a09b-4f66-88ae-72bece52f59a,1502732978536
143e0ee6-e72a-46ab-8756-b10d3f869662,1502468866849
e09ea758-c1b8-4824-879b-9b154d5c76b1,1502408409660
f663045b-ee9d-421b-92c9-f0c737338df6,1502903266217
267336DC-6353-43CA-A75C-1BD6A629A952,1502429441834
d4a0348b-925f-44ba-ace9-79f5a63cd138,1502406720583
59afdfd6-d00f-4c2f-95ea-83da33d4ebab,1502468804071
378e9859-16c1-4145-10156-f27f06c8b909,1502473633120
a69b2d1a-c253-4aed-9b0d-d8a517d567e1,1502404991811
F40D83B7-9702-4B91-8030-739A5D0FE1C2,1502462514384
d8859db0-d052-4a58-b522-b61b45e0be69,1502481197108
0ee5540b-920d-4952-a89b-0eed6fd2948e,1502408251973
E6F3B94D-AAFC-4182-BE4D-A0047B06DBED,1502413316284
086e4221-4a1c-44c7-a2aa-59ab55027682,1502472240873
34d70780-e4f0-4c0c-b74e-a011a4e429af,1502468890120
5e3dbba3-552c-4d22-92d3-cb11646cd8ee,1502393619461
D45C0273-4FFE-4891-8D12-F2C1B018B713,1502476760712
61c64bc0-9669-43d8-9e36-27f40114f515,1502408519668
069430f7-fb0c-48b0-8a56-2a6469ba5844,1502476115117
FCAF23FE-4513-4084-84FE-C348F7975E71,1502987108483
453A6097-299F-412E-87B0-E406CAD50434,1502730937675
e026756a-7cc5-4d0c-8529-a7640861294b,1502475113998
b592cfe3-0407-4f0d-9ce4-e545171ed7bd,1502405900269
613f774c-1edc-49e4-9c07-eaeeb5276d23,1502755901382
505bb9d5-3385-4752-bb4a-c66a373a8aab,1502725598347
c70f775d-dd3f-453a-8d0c-abd083eb0076,1502466187318
2fb60c67-87ef-4ba8-114bd-a2e8203b49ca,1502820479788
52B16D99-6F83-430E-BF92-8045C471FD58,1502816099578
C5EB7AE9-D7A0-4206-8C3A-12F061B76A9A,1502899307583
ba5ab999-9508-4df8-829f-1ffdd37a3e70,1502472935357
0B4AB5FA-6E60-4016-B076-BC116B090783,1502471486924
ec057f2c-eb8c-4155-9a78-246c46d614bd,1502459444810
fe214a2c-5dc9-4dbc-8afa-9f3b853fe664,1502460333881
7db1c93c-3ae9-44b7-8753-723674180b40,1502751202065
7c27ef0a-31bf-4ea9-92b1-3723f7f7bfe7,1502460207273
6185a993-059a-4415-8027-d7aaae02ac43,1502976528347
dd7ff53d-42aa-4fec-86be-e59df2f16201,1502733360973
31858b8f-5b8c-4286-ba5d-4dc40601a328,1502473022077
40F269BE-E1C4-45DA-A34F-09B9B3489BAF,1502463774686
ac516c8d-4537-4c08-10439-bfe711d1608d,1502892608651
a4503b82-e40f-4fe2-83e7-fe00f6b0c6b7,1502410191067
044f0a0b-ca25-4241-9490-391ca80dc6a8,1502823068771
2B251951-B15C-4419-8C05-D0D604946712,1502473374737
4155403e-1f97-472d-98a2-09a3fde47637,1502465748494
78f32237-fd1e-4474-aeab-9243a2809724,1503078699348
